{
  "eur_balance": 470.2,
  "holdings": {
    "SOL-EUR": {
      "qty": 1.156473,
      "avg_buy": 74.515
    },
    "DOGE-EUR": {
      "qty": 1048.672566,
      "avg_buy": 0.0791
    },
    "XRP-EUR": {
      "qty": 60.277601,
      "avg_buy": 1.2348
    },
    "BTC-EUR": {
      "qty": 0.001194,
      "avg_buy": 64564.5392
    },
    "ETH-EUR": {
      "qty": 0.035784,
      "avg_buy": 2007.1194
    },
    "LTC-EUR": {
      "qty": 0.871947,
      "avg_buy": 47.0153
    }
  },
  "total_trades": 18,
  "total_pnl": 8.66,
  "pending_orders": [
    {
      "product": "LTC-EUR",
      "qty": 0.449552,
      "limit_price": 45.5952,
      "placed_at": "2026-04-18 17:56"
    }
  ]
}